Dates,PX_OPEN,PX_HIGH,PX_LOW,PX_LAST,PX_VOLUME
7/1/2000,472.5,480.5,463.25,478.75,167242
14/1/2000,476,498,471.5,496.25,213962
21/1/2000,489,507.5,486.5,505.25,153218
28/1/2000,510.25,529.5,508,523.5,189264
4/2/2000,519.5,519.5,495,505.5,166263
11/2/2000,505,514,496.75,505.25,154984
18/2/2000,503.75,516,501.5,514.5,141771
25/2/2000,514,519.5,492,497,112839
3/3/2000,495,516.75,493,513,146739
10/3/2000,512.5,520,508,509.75,159389
17/3/2000,511,538.5,511,537.5,209062
24/3/2000,527.5,534,519.5,530.75,156205
31/3/2000,530.5,548.5,523.5,545.5,144130
7/4/2000,544,554,526,538.75,167688
14/4/2000,535.5,549,525.25,532.5,126092
21/4/2000,528,538,526,536.25,57046
28/4/2000,536.25,547.5,522.5,526.5,92599
5/5/2000,546.25,582.5,545.5,566,233963
12/5/2000,570,573,554,565.75,179627
19/5/2000,560,560.5,536.5,554.5,217496
26/5/2000,552.5,560,525,534.25,191653
2/6/2000,526.5,534.5,512.25,533.75,128852
9/6/2000,537.75,542,517.5,520.75,161357
16/6/2000,515.5,517,499.5,504.75,189325
23/6/2000,508,512,497.25,498,82212
30/6/2000,499,505.5,477,477.5,99179
7/7/2000,482.75,482.75,467,473.25,45857
14/7/2000,469.75,475,455,462,52847
21/7/2000,460.5,461,451,460.25,55146
28/7/2000,460.25,466,447,448,57891
4/8/2000,444,449.75,438.75,440.75,19432
11/8/2000,443.5,457,436.75,452.5,19105
18/8/2000,453,466.5,451.25,458.25,18604
25/8/2000,456.75,466.5,454.25,461.75,13430
1/9/2000,463.5,508,463.5,503.5,74455
8/9/2000,508,515.5,488,505,157626
15/9/2000,503.5,511,482.5,483.25,167397
22/9/2000,483.25,499.5,482,496,157678
29/9/2000,495.75,502.75,489.25,490.5,160405
6/10/2000,488.25,493.5,481.5,485,157060
13/10/2000,484,486.5,465,466,175180
20/10/2000,465.25,475.5,463.5,468.75,163822
27/10/2000,468,470.5,456,456.5,157500
3/11/2000,456.5,486.5,453.5,484.25,163476
10/11/2000,485.5,491,471,472.5,154495
17/11/2000,472,489,471,487.75,139469
24/11/2000,486.25,502,486.25,500.75,91668
1/12/2000,500.5,509.5,495.5,508,174328
8/12/2000,508,512.5,498.25,511.5,150284
15/12/2000,510,513.75,503.5,507.25,122052
22/12/2000,508.5,514,505.5,510.25,88800
29/12/2000,510,510.75,496,499.5,76464
5/1/2001,510,510.5,496,497.25,120469
12/1/2001,496,504,477.25,482.5,171575
19/1/2001,482,483.5,470.25,470.75,121979
26/1/2001,470.25,477.75,459,460.25,147797
2/2/2001,460,469,456.25,468.5,117498
9/2/2001,467.75,469.5,452,456.25,134321
16/2/2001,455,458.75,449.5,454,117371
23/2/2001,456.25,463,447,448,90795
2/3/2001,447.25,464,447,458,102469
9/3/2001,458.5,470,458,462,137977
16/3/2001,462.5,463.5,438,443,133081
23/3/2001,443,449.5,433.5,436.5,113703
30/3/2001,438,445.5,428,428.5,105734
6/4/2001,432.75,439.5,428,436,72807
13/4/2001,435.5,444,431.25,435.25,51883
20/4/2001,434,436.25,426.5,429.25,69262
27/4/2001,428.75,430,421.5,422.75,96307
4/5/2001,423.5,444.5,421.5,442.25,113791
11/5/2001,441.5,442.25,434,435.75,120527
18/5/2001,436,453.75,435.75,449.5,156573
25/5/2001,448,453.5,442.25,447.25,119617
1/6/2001,448,460.5,436,455,136755
8/6/2001,454,468.5,448.75,466.5,143626
15/6/2001,465,475.75,457,458.5,150296
22/6/2001,458.5,472.5,454,454.5,135026
29/6/2001,454.25,488,450,482.5,101692
6/7/2001,471.75,493,471.75,488.25,70254
13/7/2001,485.5,529.75,482,526.5,96778
20/7/2001,521.5,538,494,496,73729
27/7/2001,490.25,520,489.5,515.5,71498
3/8/2001,515,517.5,485,492.25,58673
10/8/2001,493.5,523.75,489,516,32258
17/8/2001,517.5,524,498,504.25,28030
24/8/2001,498.75,498.75,473,478.25,31769
31/8/2001,478,486.5,471,479.5,35177
7/9/2001,486,487,469,469.75,100163
14/9/2001,470,485,466.25,474,87942
21/9/2001,473,483.5,463.75,469.75,145733
28/9/2001,469.75,475,450.5,451.25,153653
5/10/2001,450.5,456.25,448.25,452.25,154551
12/10/2001,452,458,433,435.5,170179
19/10/2001,435.25,437,424,424.75,170980
26/10/2001,421.5,430,419.75,426.5,172534
2/11/2001,425,443,425,439,176039
9/11/2001,439,447,435.5,444.5,161815
16/11/2001,444,453,442.75,452.5,126291
23/11/2001,452,454.75,447,451.25,93564
30/11/2001,451.25,452,434.25,444.5,190093
7/12/2001,444,448.75,439,445.25,122236
14/12/2001,445,445.75,431.5,436.25,136125
21/12/2001,436.5,439.5,431,435.5,154622
28/12/2001,436,436.5,423.5,424.25,71402
4/1/2002,423.75,426.75,415.75,424.5,101922
11/1/2002,424.5,444.5,424.5,443,216799
18/1/2002,443,454.5,443,445.5,191540
25/1/2002,447,449,429.5,430.75,130730
1/2/2002,428.5,432,425,426.75,143141
8/2/2002,428,435.5,425.25,429,128762
15/2/2002,429.5,441.5,427.5,437.25,125529
22/2/2002,437.75,447,435,441.25,94652
1/3/2002,443,452.5,434.5,451.5,122474
8/3/2002,450.25,468,446.75,465.5,220597
15/3/2002,464,474.25,459,472.25,166275
22/3/2002,471,472,455.75,464.5,165193
29/3/2002,464,480.5,461,476.25,121926
5/4/2002,475,477,456.75,465.5,151655
12/4/2002,463.5,465,453,461,127656
19/4/2002,461.75,478,455.25,472,87638
26/4/2002,472,480.75,467.25,467.5,92544
3/5/2002,467,467.75,457,461.25,111254
10/5/2002,460,479.5,458,470.75,151898
17/5/2002,472,488,472,487.5,168825
24/5/2002,485,496.5,482.75,491,167472
31/5/2002,489,510.75,488,508.75,147835
7/6/2002,506.75,519.5,503,507.5,168928
14/6/2002,505.5,506,492.5,497,165073
21/6/2002,495.75,502,487,495,164263
28/6/2002,499.75,543,499.75,536.5,144897
5/7/2002,530.25,547,521,545.75,80478
12/7/2002,542.25,560,538,558.25,109807
19/7/2002,560,584.75,560,575.25,89363
26/7/2002,585,605,550,550.75,87393
2/8/2002,544,578.5,532,555,69330
9/8/2002,547.25,559.75,531,554.75,49865
16/8/2002,557.5,601,557.5,583.25,64528
23/8/2002,578,583,540,552,55283
30/8/2002,553.5,567.25,550,559,31229
6/9/2002,551,562,545.5,560,132517
13/9/2002,562.25,591,562.25,565.25,231380
20/9/2002,563,577,557,564.5,165584
27/9/2002,564,568,552.5,560.25,157581
4/10/2002,558.5,560,532.25,539.5,215700
11/10/2002,539.25,543.75,522,528.5,182778
18/10/2002,528,554,526,546,195101
25/10/2002,546,559.5,545.25,557,177968
1/11/2002,553.5,570,545,568.75,176657
8/11/2002,567,579.5,558,558.5,229232
15/11/2002,558,573,554,563.25,192542
22/11/2002,563,577.5,560.25,571.75,176082
29/11/2002,571.75,581.5,567.5,578.75,103599
6/12/2002,579.5,587.5,556.5,563.25,216535
13/12/2002,560,577,557.5,572,148876
20/12/2002,571.5,573,552.25,572,169838
27/12/2002,572,577.75,564.75,569.75,57612
3/1/2003,568.5,582.5,563.5,577.75,70796
10/1/2003,576,586.5,555,556.75,237585
17/1/2003,557.25,558,544,556.75,208305
24/1/2003,555.5,570,552.5,569,128527
31/1/2003,569.5,575.5,559.5,564,167882
7/2/2003,562,571.5,554.25,555.75,159411
14/2/2003,556,574,556,573,194077
21/2/2003,571.25,575,565.25,574,74748
28/2/2003,572.5,584.5,569,577,89256
7/3/2003,577,580.25,558,563.25,190632
14/3/2003,563,577.5,560,574.5,156407
21/3/2003,572.75,579.5,566,576.75,122900
28/3/2003,575.75,581.5,564.25,580,153284
4/4/2003,579.75,591.75,570,590.75,186829
11/4/2003,590.25,608,590,600.25,185512
18/4/2003,599.5,623,595.5,622,137892
25/4/2003,621.25,621.75,595.25,599,125864
2/5/2003,601,637,600,631,156464
9/5/2003,629.5,640,616,638,231505
16/5/2003,636,652.75,633,642,207258
23/5/2003,639,658,622.5,628.25,222650
30/5/2003,628,636.5,618.5,624.5,156316
6/6/2003,620.5,632.5,610,631.5,218226
13/6/2003,631,639,613,614.5,206374
20/6/2003,613,636,611.5,629.25,138655
27/6/2003,628.5,645,624,631.5,127461
4/7/2003,631,632.75,610.5,614.75,61340
11/7/2003,611.75,611.75,600.5,604.25,97714
18/7/2003,603.25,605.25,559,560.5,100218
25/7/2003,560,567,544,549.5,79424
1/8/2003,550,557,519.5,524.5,56782
8/8/2003,524.5,527.75,515.5,524,24171
15/8/2003,522.5,556.5,521,552.25,30088
22/8/2003,562.5,591,562.5,586.25,39957
29/8/2003,586.5,597.75,576,595,21487
5/9/2003,577.5,596.5,569.5,587.25,2992
12/9/2003,589.5,630,585.75,623,4185
19/9/2003,620.5,638.75,609,638,2373
26/9/2003,638,662,638,656.5,5342
3/10/2003,657,701,657,678,5332
10/10/2003,676,736,669,713.5,3791
17/10/2003,714,745,713.5,729.25,7687
24/10/2003,729.75,768.75,722,762.5,5533
31/10/2003,765.25,803.5,756,794.25,3101
7/11/2003,800,808.5,746,748.5,327077
14/11/2003,743,792,738,778.5,286024
21/11/2003,782.5,785,739.5,753.5,257719
28/11/2003,749,758,730.75,756.25,143088
5/12/2003,759,784,751.5,760.5,210191
12/12/2003,762,789,761.5,776.25,198550
19/12/2003,776,779.5,754,764.75,94335
26/12/2003,760,793,728,792,65244
2/1/2004,790.5,807.5,771,798.25,69041
9/1/2004,797.25,806,785.5,793,155258
16/1/2004,792.5,849,788,835.75,253700
23/1/2004,834,855,821,839.25,192444
30/1/2004,839,853.5,801,819.5,185724
6/2/2004,813,844.5,790.5,840,220747
13/2/2004,830,860.5,810,829,198121
20/2/2004,832,898,832,893,89768
27/2/2004,901,951.5,901,942.5,84352
5/3/2004,943.25,976,923.5,937.75,246921
12/3/2004,940,959.5,908,955.75,252134
19/3/2004,953,1034,953,1024,234390
26/3/2004,1036,1063.75,1010,1013,232393
2/4/2004,1013,1046,981,1045.5,217339
9/4/2004,1047,1064,986,988,141787
16/4/2004,990,1030,950.5,965,150262
23/4/2004,970.25,977,926,967,101832
30/4/2004,968.75,1043,956,1034,74780
7/5/2004,1016.25,1036.5,989,1031.5,238019
14/5/2004,1029,1036.5,932.5,932.5,296545
21/5/2004,924.5,925,852,872.5,293487
28/5/2004,882.5,896,812,814,178150
4/6/2004,828,876,800.75,838.5,157921
11/6/2004,826.75,866,816,847,173094
18/6/2004,853,896,844,872,173833
25/6/2004,871.75,940,865,920.5,117331
2/7/2004,911,921.5,784.75,809.25,92592
9/7/2004,804.5,869.5,794,814,96839
16/7/2004,813,816.75,700,707.5,111782
23/7/2004,705.25,734,650,669.5,86116
30/7/2004,662.5,686,599,599.5,65020
6/8/2004,575.5,583,562,569.25,27927
13/8/2004,569.5,598,557,586.25,22538
20/8/2004,581.25,603,565,594.75,20422
27/8/2004,590.5,637.5,588,600.5,31000
3/9/2004,602,652,602,612.25,102306
10/9/2004,600,600.25,557,572,162519
17/9/2004,564.5,575,551,553,165582
24/9/2004,552.25,552.25,523,523.5,170000
1/10/2004,522.5,539.5,521.5,534.5,186099
8/10/2004,532.5,534,519,528.5,205599
15/10/2004,527,540.5,506,514,235133
22/10/2004,512.75,537.25,507.75,530,220225
29/10/2004,530,545,521.5,527.5,162747
5/11/2004,531.25,532,503,505.25,2263
12/11/2004,503.75,541,502.5,525,4804
19/11/2004,524,557,523.75,550.5,5810
26/11/2004,550.5,562,546.5,548.5,4504
3/12/2004,548,548.5,519.75,525.75,2885
10/12/2004,525.75,539,517.5,533,3764
17/12/2004,534,552,534,548.75,2423
24/12/2004,549.75,566,544,550.5,1564
31/12/2004,551,560,539.5,547.75,1453
7/1/2005,544,544,524.5,542.25,260722
14/1/2005,538.75,551,519,519.5,203339
21/1/2005,518,524.5,510,516.75,191515
28/1/2005,518.5,529.5,512.5,514,172738
4/2/2005,510,518.5,498.5,499.5,188009
11/2/2005,499,528.5,498.5,525.75,253391
18/2/2005,526,561,526,552.5,218572
25/2/2005,556,599,556,597.5,92311
4/3/2005,598.5,635,598.5,629.75,21175
11/3/2005,634,666,609,662.5,8862
18/3/2005,655,691.75,629,649,15157
25/3/2005,647,652.5,614,628.75,9870
1/4/2005,628,661,610,614,7462
8/4/2005,615,630,608,612,4120
15/4/2005,612,626.5,602,616.25,5583
22/4/2005,615.25,640,609,633,2153
29/4/2005,637,649.5,616,619.25,1723
6/5/2005,622.25,642,616,640,206631
13/5/2005,640,647.5,606.5,612.75,261614
20/5/2005,612.75,640.5,612,632,204712
27/5/2005,636,681,636,667.75,286610
3/6/2005,681.75,690,664.5,675.25,228686
10/6/2005,687.5,695.5,657.5,666.25,266753
17/6/2005,674.25,727.5,670.5,724,257096
24/6/2005,742,757.5,724.5,744.5,168343
1/7/2005,750,755,647,676,147395
8/7/2005,676,726,669,678,88171
15/7/2005,660,740,658,721,78763
22/7/2005,731,738,660.5,669.25,84328
29/7/2005,668.75,696,659.75,671.75,93829
5/8/2005,680.5,699.5,644,661.75,60758
12/8/2005,675,677.25,638,640.5,40430
19/8/2005,636,639,595,597.25,44345
26/8/2005,597.25,615.75,584,591,38565
2/9/2005,590,612,584.75,599,112360
9/9/2005,601,618,589,590,150215
16/9/2005,592.5,593,566.25,571.25,198841
23/9/2005,570,586,568.25,574,179327
30/9/2005,573,575.25,556.5,573.25,215624
7/10/2005,572.75,586,558,564.25,256469
14/10/2005,563.5,595.5,554,589.5,308736
21/10/2005,588,599.5,571,572.25,239366
28/10/2005,571,582,563.25,565,177238
4/11/2005,565,605,562.5,592,200792
11/11/2005,591.5,603,578,601.5,207821
18/11/2005,602,605,569,569.75,222791
25/11/2005,572,576,552.25,554.25,135560
2/12/2005,555,564.5,544.25,562.75,226394
9/12/2005,563,575.5,553.5,568.75,265485
16/12/2005,571,602,570,592.25,320526
23/12/2005,593,616.75,592.25,613,132049
30/12/2005,613.75,619.5,597,613.5,108636
6/1/2006,618,633,610,611,219010
13/1/2006,604,606.5,569,576.5,271363
20/1/2006,572,579.25,563.5,568,163834
27/1/2006,573.75,590.5,565.5,589.25,249775
3/2/2006,593.5,606.25,577.5,594.75,290265
10/2/2006,594.25,604.5,571,582.25,313857
17/2/2006,584,603,571,601.25,201528
24/2/2006,600,601,570.5,577.25,113108
3/3/2006,575.25,615,568,606,216185
10/3/2006,601.75,606,579,589.25,244842
17/3/2006,585,592.75,575,576.5,201679
24/3/2006,576.5,582,571.25,573.75,168182
31/3/2006,573.75,589,570,571.5,260213
7/4/2006,570.5,574.5,550,557.75,252952
14/4/2006,557,565.5,553.25,563,205389
21/4/2006,562,577.5,561.75,569.75,154687
28/4/2006,570,598,569,587.25,170534
5/5/2006,597,614.5,596.25,606.5,296728
12/5/2006,605,620,596.5,613,291978
19/5/2006,615,617,585.5,587,246073
26/5/2006,590.5,591,580,582.5,231221
2/6/2006,582,610,574.75,609,270889
9/6/2006,608.5,611,583.5,585.75,334303
16/6/2006,596.75,605,589,600.25,258739
23/6/2006,595.25,595.5,579.75,580.5,150370
30/6/2006,581,600.5,566.5,594.75,175920
7/7/2006,609,616.75,597,606.25,108257
14/7/2006,612,619,595.5,603,84996
21/7/2006,598.75,601,575.5,577,83380
28/7/2006,577.25,592.75,571,576.5,101777
4/8/2006,578.25,593.25,573,582,73985
11/8/2006,577.25,577.25,552,555.25,57964
18/8/2006,550,560.25,546.25,547,41242
25/8/2006,547,555,541.75,543,55158
1/9/2006,541.5,557,535.5,551.5,97065
8/9/2006,550.5,564,543.25,548,226832
15/9/2006,549,558,536.75,549.75,238046
22/9/2006,555.5,561.75,542.5,549.25,270226
29/9/2006,549,555,539.5,547.5,297205
6/10/2006,547.25,570.25,540.5,564,373430
13/10/2006,563,594.75,558.75,591.5,447473
20/10/2006,589,614,585.5,606.5,359974
27/10/2006,606,641,602,635.5,227106
3/11/2006,633.5,682.5,629.5,662.75,370288
10/11/2006,660.25,683.25,656,662.5,336443
17/11/2006,661,677.75,651,660.5,312410
24/11/2006,663,687.25,662.25,684.25,200618
1/12/2006,684.25,695.75,675.5,677,289261
8/12/2006,673.75,675,652.5,656,344700
15/12/2006,656,670,652.5,657.5,298555
22/12/2006,657.5,660,642.75,659.5,124546
29/12/2006,663,685,663,683.5,109854
5/1/2007,695.75,697,670.5,681.5,190001
12/1/2007,682.75,723.75,657,716.5,373046
19/1/2007,716,732,705.5,717.75,334206
26/1/2007,713.5,728.75,707.25,710.5,286694
2/2/2007,713,738,704.5,736.75,330280
9/2/2007,737.5,757,733.75,749.25,423929
16/2/2007,748.25,768.5,741,767,373310
23/2/2007,766.75,791,762.5,778.25,161820
2/3/2007,778.5,790,750,753.5,327139
9/3/2007,750.25,765.5,739,759.75,364162
16/3/2007,760.5,770.75,744.75,753.5,307354
23/3/2007,756.25,775,749.5,769.5,240670
30/3/2007,767.5,779,742,761.25,336172
6/4/2007,756.5,787,751.25,760.5,318937
13/4/2007,765.5,775,732,738,459816
20/4/2007,733.25,742.25,713.5,723.25,172987
27/4/2007,723.25,733,708.5,723,147354
4/5/2007,722.75,760.5,717.5,747.5,264640
11/5/2007,751.5,768.75,734,761.75,261180
18/5/2007,761.5,797,759.75,792.5,340747
25/5/2007,790,814.25,787.5,812.5,303995
1/6/2007,809,819.5,791.75,817.5,311971
8/6/2007,815.25,835.75,806.75,821.5,449192
15/6/2007,838,848.75,815,847.25,384280
22/6/2007,857.25,863,791.75,797,299960
29/6/2007,800,878.5,793.75,850,240661
6/7/2007,858,877.75,854.25,869.25,97736
13/7/2007,870.5,923,861,921.75,81924
20/7/2007,908,908,828.5,850.25,79948
27/7/2007,843.75,843.75,808.75,815.5,94663
3/8/2007,818,850.5,815.5,844.75,112995
10/8/2007,838.25,867,824,856,52918
17/8/2007,862.5,872.25,789,811.5,46829
24/8/2007,806,852,804,849,38480
31/8/2007,845,880.5,837.25,868,77694
7/9/2007,885.5,916.75,885.5,905.25,354647
14/9/2007,904.25,959.75,904.25,954.75,415492
21/9/2007,963,996.75,952.75,979,413098
28/9/2007,977.5,1017.75,970,991.25,405731
5/10/2007,991.5,999.25,931,940.5,490415
12/10/2007,937,993.25,922,976.75,528499
19/10/2007,977.25,996.75,967.5,983.25,343525
26/10/2007,979,1007,961,995.5,317914
2/11/2007,1000,1036.25,980.5,1016.75,370262
9/11/2007,1014,1057.25,1008,1056,352200
16/11/2007,1053,1088,1034.5,1077.75,373620
23/11/2007,1079,1103.25,1053,1100.25,241691
30/11/2007,1100.5,1114,1075.5,1080,392785
7/12/2007,1083.25,1122,1068.5,1119.75,404166
14/12/2007,1117.5,1164.5,1115,1157,497902
21/12/2007,1157.5,1178,1146.25,1177.5,338933
28/12/2007,1175,1230,1165,1207.75,142461
4/1/2008,1197,1278,1180.75,1262.5,310523
11/1/2008,1259.75,1310.25,1246.5,1298.75,458088
18/1/2008,1302,1341.5,1244,1264,453879
25/1/2008,1240,1255.5,1189.5,1243,398632
1/2/2008,1244,1298.5,1228,1287.25,376545
8/2/2008,1289.5,1374.5,1288.5,1339,601692
15/2/2008,1345.25,1387,1306.5,1373.75,419976
22/2/2008,1375,1422.25,1375,1420,234475
29/2/2008,1425,1524,1423.5,1522,200730
7/3/2008,1534,1586.25,1408.75,1408.75,484237
14/3/2008,1370,1440.25,1352.75,1352.75,403748
21/3/2008,1352,1374.25,1207,1207,273460
28/3/2008,1210.75,1357,1207,1267.25,333971
4/4/2008,1280,1300,1106.5,1277,433494
11/4/2008,1275.75,1380.5,1245,1332.5,498999
18/4/2008,1344.25,1398,1315,1361.5,322359
25/4/2008,1362,1395.25,1291.5,1325.75,203708
2/5/2008,1330.5,1345,1244,1304.5,263191
9/5/2008,1305.25,1367.25,1272,1358,329281
16/5/2008,1361,1402,1311,1378,342852
23/5/2008,1377.25,1377.25,1312.5,1368,343704
30/5/2008,1384,1390,1307.75,1363.5,335669
6/6/2008,1357,1487.75,1346.5,1457.5,483838
13/6/2008,1469.25,1571.75,1419,1560,542413
20/6/2008,1569.75,1588.5,1515,1532.5,380719
27/6/2008,1522,1593,1489.75,1581.5,271078
4/7/2008,1581.75,1654,1561.5,1649,116168
11/7/2008,1632.5,1639,1505,1615.5,160104
18/7/2008,1610,1610,1470,1470,170847
25/7/2008,1455.75,1469.25,1368.5,1398.75,159962
1/8/2008,1404,1429.75,1353.5,1355.5,120567
8/8/2008,1345,1350,1169.5,1177,72597
15/8/2008,1184.5,1296,1163.75,1211.5,48472
22/8/2008,1220,1363.75,1219.75,1321,50276
29/8/2008,1341.5,1364.5,1302,1332,55151
5/9/2008,1302,1314,1166.75,1177,410146
12/9/2008,1197.5,1222.5,1157,1202,469219
19/9/2008,1208,1210,1099.5,1143.5,535153
26/9/2008,1144.25,1212.25,1134,1164,419155
3/10/2008,1163.5,1163.5,991,992,489726
10/10/2008,971,990,910,910,473975
17/10/2008,902.75,958,825,894,526504
24/10/2008,890.75,944.5,844.25,863.75,489832
31/10/2008,879.5,964,851.25,925.25,367872
7/11/2008,929.75,981.75,882.5,921,408620
14/11/2008,935.25,954.25,872.75,896,384503
21/11/2008,890,921.25,835.25,840,369445
28/11/2008,852,899.75,841.5,883,218451
5/12/2008,879.25,882.75,776.25,783.5,411747
12/12/2008,789.25,865.75,788.5,854,442766
19/12/2008,856,877.25,840,868.25,320182
26/12/2008,868,963,862.25,951.75,131399
2/1/2009,950,993.25,930.25,977,152903
9/1/2009,979.5,1040,965.25,1036,460147
16/1/2009,1035.75,1060.25,957.75,1020,494296
23/1/2009,1018.25,1037,977.5,1009,394006
30/1/2009,1015,1041.5,965,980,373176
6/2/2009,972.5,1007.75,934.5,1001,429081
13/2/2009,997,1019,955,955.5,403115
20/2/2009,955,960,854,862.5,350294
27/2/2009,864.5,894.5,851,874.5,204569
6/3/2009,871.75,878.75,838.25,867,352508
13/3/2009,864,895,856.5,876.5,303921
20/3/2009,875.5,953,864.75,952,383811
27/3/2009,952.25,981.25,916,917,378892
3/4/2009,917.5,997.5,897,995.5,401971
10/4/2009,995.25,1030.75,981.5,1007,366738
17/4/2009,1006,1073,998.25,1051,478477
24/4/2009,1047.25,1064,1012.75,1040.25,255231
1/5/2009,1034,1095.5,984.5,1091,233479
8/5/2009,1088,1131,1085,1111.5,463042
15/5/2009,1110,1156.25,1086.5,1130.5,408399
22/5/2009,1125,1189.5,1113.5,1166,402077
29/5/2009,1155.25,1200.75,1151,1184,327074
5/6/2009,1183,1236.5,1177,1225.5,430067
12/6/2009,1225,1291.25,1216,1245.5,475382
19/6/2009,1245,1254.5,1175.5,1179,345909
26/6/2009,1184,1209.75,1150.5,1201,247878
3/7/2009,1200,1232.5,1120,1154,132976
10/7/2009,1145,1148,999.25,1044.75,182908
17/7/2009,1045,1063.75,970.25,1009.5,140789
24/7/2009,1008,1040,1005.25,1021,87011
31/7/2009,1019.25,1134.25,1011.25,1044,98160
7/8/2009,1059,1103.75,1058.25,1090.5,52991
14/8/2009,1074,1113.25,1018.25,1024.5,58845
21/8/2009,1019,1035.75,976.75,1023,53094
28/8/2009,1036.25,1164.75,1036.25,1135.75,47787
4/9/2009,1139.5,1147,920.5,922,328740
11/9/2009,921,943,897.5,903,314337
18/9/2009,903,977.75,892,941,438119
25/9/2009,938.5,939.75,902,926,330238
2/10/2009,928.75,937.25,885,885,377712
9/10/2009,883.25,968.5,878.75,964,539756
16/10/2009,968.5,1012.25,965,977.5,531916
23/10/2009,977.5,1028,972.5,1006,516367
30/10/2009,1009.75,1019.75,959.25,978,428651
6/11/2009,967,1022.5,955,955,471992
13/11/2009,952.75,1009,951.25,987,438458
20/11/2009,1001.25,1050,991.5,1046,425914
27/11/2009,1048,1066.75,1021,1053,307174
4/12/2009,1054.25,1078.5,1031,1043,438729
11/12/2009,1045.5,1063.75,1019,1035,492886
18/12/2009,1032.75,1070.5,1008.25,1012,451126
25/12/2009,1012.5,1020,984.5,999.5,212203
1/1/2010,1000,1052.25,996.75,1039.75,167207
8/1/2010,1050.5,1074.75,1013.25,1022,418508
15/1/2010,1024.5,1032.75,969,974,453189
22/1/2010,974,984,940.75,951.5,287119
29/1/2010,955,956,913,914,394987
5/2/2010,915.25,934,900,913.5,455444
12/2/2010,919.75,950.5,918.75,945,520342
19/2/2010,948,966,931.75,945,265193
26/2/2010,946.25,978.75,934.75,951,291827
5/3/2010,965.5,971.5,937.25,942.75,349390
12/3/2010,944.5,964.25,923,925.5,377940
19/3/2010,926.25,964,921.75,961.75,307638
26/3/2010,959.75,976.5,941.75,952,332334
2/4/2010,952.5,977.5,930.5,942,367707
9/4/2010,942,964,932.75,952.25,329014
16/4/2010,954.5,989.75,952.75,985.25,481843
23/4/2010,981.5,1006.5,972.25,1000,201830
30/4/2010,996,1009.5,977.5,989.5,161834
7/5/2010,999,1002.75,948.5,960,426383
14/5/2010,965,976,951.25,953.5,309320
21/5/2010,954,955,931,941,344662
28/5/2010,941,956,927.5,937.75,305279
4/6/2010,939.25,958.25,930.5,935,271626
11/6/2010,934,952,926,946.25,416582
18/6/2010,945,964,944.75,961,277410
25/6/2010,965.25,972,955,957,200409
2/7/2010,958.25,973,926.25,944.5,139328
9/7/2010,942,997.75,938.5,993.25,129886
16/7/2010,991,1027,986.25,1019.5,172337
23/7/2010,1007.25,1026,998.5,1017,106995
30/7/2010,1014,1054.75,994.25,1052.5,110052
6/8/2010,1011.5,1054.5,1006,1039,60325
13/8/2010,1037.75,1049.5,1012,1043.5,43502
20/8/2010,1042.25,1050.25,1005.75,1009.25,35817
27/8/2010,1009,1024.75,994.25,1022,49648
3/9/2010,1024.25,1041.25,1000.75,1035,220841
10/9/2010,1035,1057,1028.75,1031,269218
17/9/2010,1030.75,1072,1022.75,1069,348650
24/9/2010,1069,1128.25,1068.25,1126,451305
1/10/2010,1126,1144,1053.5,1057,548625
8/10/2010,1055,1135,1042,1135,437091
15/10/2010,1155,1204.25,1150.75,1185,714474
22/10/2010,1182,1223.5,1165.5,1199.5,588209
29/10/2010,1202.5,1236.75,1199,1226,439913
5/11/2010,1240,1290,1222.25,1284,421448
12/11/2010,1284,1348.5,1269,1269,592421
19/11/2010,1266,1307.5,1175.25,1201.5,610542
26/11/2010,1196,1262.25,1190,1238.5,318248
3/12/2010,1240,1301.5,1226.5,1300.25,451442
10/12/2010,1304,1306.75,1266.5,1273,522586
17/12/2010,1269.5,1314.75,1257,1298.75,509734
24/12/2010,1302.75,1355,1295.5,1349.5,307691
31/12/2010,1341,1394.5,1339.25,1393.75,185532
7/1/2011,1396,1409,1357.5,1365,490338
14/1/2011,1368,1432.5,1355.25,1422.5,511795
21/1/2011,1412.25,1431.75,1383.5,1412.25,439705
28/1/2011,1412.5,1426.5,1364.25,1398,512095
4/2/2011,1395.25,1452.5,1394.5,1433.5,446079
11/2/2011,1438,1455.75,1410.25,1416,571059
18/2/2011,1419,1424.75,1357,1368,635897
25/2/2011,1379,1388.5,1284.75,1365.5,326579
4/3/2011,1367.5,1424.5,1349.5,1414,404601
11/3/2011,1412,1419,1305,1334.5,496632
18/3/2011,1336,1385.75,1270,1362.5,578845
25/3/2011,1369.25,1376.75,1338,1358.25,376067
1/4/2011,1360,1432,1341,1393.75,438720
8/4/2011,1393.5,1402.75,1360.5,1392.25,490556
15/4/2011,1395.5,1406.5,1316.5,1331.75,504965
22/4/2011,1331.75,1382,1320.75,1380.5,302392
29/4/2011,1380.75,1393.5,1334.25,1392.75,251123
6/5/2011,1391,1402.5,1306.5,1326,439976
13/5/2011,1327.75,1359.75,1313.5,1329.5,406620
20/5/2011,1330,1396,1312.25,1380.25,455896
27/5/2011,1386,1398.25,1365.75,1379.75,383248
3/6/2011,1371.5,1419.5,1366.5,1414.5,355612
10/6/2011,1415.75,1418.25,1377.25,1387.25,532489
17/6/2011,1385.25,1390.5,1330.5,1333,443349
24/6/2011,1334.75,1354.75,1292.75,1320.25,335842
1/7/2011,1318.25,1350,1290,1312.75,195971
8/7/2011,1318.75,1350.5,1310.5,1346.75,74309
15/7/2011,1350,1397,1334.25,1385.75,113272
22/7/2011,1385.75,1408,1369.75,1380.25,113732
29/7/2011,1369.25,1388,1349,1354.25,127836
5/8/2011,1349.25,1375,1313.5,1328,85477
12/8/2011,1312.75,1349.25,1276.5,1327.75,81846
19/8/2011,1331,1366,1331,1359.75,56142
26/8/2011,1366.5,1418,1362.25,1414.75,85154
2/9/2011,1413.5,1457,1411.25,1445.75,274406
9/9/2011,1433.5,1434.75,1408,1426.75,414002
16/9/2011,1432,1432.25,1350,1355.5,582008
23/9/2011,1356.25,1357.5,1250,1258,640712
30/9/2011,1265.25,1278.75,1175,1179,737442
7/10/2011,1176.25,1189.75,1152,1158.25,660728
14/10/2011,1158.25,1275.75,1158.25,1270,914977
21/10/2011,1269,1272,1201.5,1212.25,718677
28/10/2011,1212,1243,1209.5,1217,462810
4/11/2011,1217,1231.5,1190,1221,365458
11/11/2011,1220.75,1223,1167,1175.5,410503
18/11/2011,1178,1206.25,1152.75,1168.25,447749
25/11/2011,1171,1174.25,1102.75,1106.5,361628
2/12/2011,1114.5,1146,1111.5,1135.75,491750
9/12/2011,1140,1148.5,1100.25,1107,530107
16/12/2011,1108,1132,1094.25,1130,531630
23/12/2011,1137.25,1168,1131.75,1163,354808
30/12/2011,1172.75,1209,1172.75,1198.5,197879
6/1/2012,1233,1244.75,1193.5,1196.5,355986
13/1/2012,1195,1237,1150,1158.25,580942
20/1/2012,1163,1204,1162.75,1187,400879
27/1/2012,1194,1231,1192,1219,427721
3/2/2012,1214.25,1236.5,1184.25,1232.5,521401
10/2/2012,1230.75,1247.5,1215,1229,536485
17/2/2012,1238,1273.25,1232,1267.5,583792
24/2/2012,1271,1284.75,1260,1279,407323
2/3/2012,1278,1333,1276.5,1333,360350
9/3/2012,1330,1355.5,1315.25,1337.75,580027
16/3/2012,1338,1377.5,1331.25,1374,486221
23/3/2012,1374.25,1378,1338.5,1365.75,474369
30/3/2012,1365.75,1416,1351,1403,608188
6/4/2012,1407,1434.25,1406.5,1434,463293
13/4/2012,1431,1452.25,1415,1436.75,570713
20/4/2012,1434.5,1454,1403.75,1446.75,405346
27/4/2012,1446,1509,1433.75,1496.75,269196
4/5/2012,1490.25,1512.5,1458,1478.25,489266
11/5/2012,1470.25,1478.75,1402.5,1406,599630
18/5/2012,1406,1450,1376,1405,614475
25/5/2012,1413.75,1423,1351,1382,465305
1/6/2012,1383,1402,1317.5,1344.25,404052
8/6/2012,1350,1439,1331.5,1426.25,492826
15/6/2012,1426,1449.25,1370.5,1376,469333
22/6/2012,1383,1464.25,1375.25,1442.5,419423
29/6/2012,1461.5,1517.75,1455.75,1512.75,195902
6/7/2012,1492.75,1585.5,1485,1567.25,131614
13/7/2012,1588,1625.5,1553,1594.75,164236
20/7/2012,1613,1777.75,1610,1757.5,190345
27/7/2012,1761,1762.75,1618,1684.25,186332
3/8/2012,1698.75,1742,1601.25,1635.75,116192
10/8/2012,1608.75,1699.75,1570.25,1673.25,88548
17/8/2012,1662,1679.5,1610.25,1671,57077
24/8/2012,1670.25,1764.75,1667,1737.5,76528
31/8/2012,1748.25,1780.75,1710.75,1764.5,40138
7/9/2012,1771.5,1789,1725.5,1736.5,443202
14/9/2012,1728,1765.75,1693.5,1739,587316
21/9/2012,1733.25,1736.25,1607.5,1621.75,787894
28/9/2012,1621.75,1626,1557.5,1601,727003
5/10/2012,1596.5,1600,1504,1551.5,741635
12/10/2012,1553.5,1574,1510,1522.5,749948
19/10/2012,1519,1555.75,1485.75,1534.25,572737
26/10/2012,1530.75,1574.75,1526.5,1561.25,553969
2/11/2012,1559,1571.5,1524,1526.75,387656
9/11/2012,1520.75,1524.25,1449,1451.25,488163
16/11/2012,1448.25,1448.75,1372.25,1383.25,513817
23/11/2012,1386.75,1427,1380.75,1418.75,272793
30/11/2012,1419.75,1460,1416.75,1438.75,420182
7/12/2012,1443.75,1498.25,1436,1472.25,520943
14/12/2012,1470,1497,1453,1496,630257
21/12/2012,1496,1508.75,1402.75,1430.75,521949
28/12/2012,1432.5,1447.25,1415.75,1424,130640
4/1/2013,1423,1435,1356,1367.25,295841
11/1/2013,1367,1394.75,1351.5,1373.25,495978
18/1/2013,1377,1448,1376.5,1429.25,533511
25/1/2013,1440,1460.75,1415,1441,382088
1/2/2013,1446.5,1486.5,1434.75,1474.25,543756
8/2/2013,1483.75,1498,1451,1452.5,592535
15/2/2013,1450,1450.75,1404.5,1424.5,522055
22/2/2013,1432.5,1516.5,1432.25,1461.25,521529
1/3/2013,1461.25,1487.75,1433,1443.5,300009
8/3/2013,1440.5,1484.75,1434.25,1471,480665
15/3/2013,1474.5,1484,1422.5,1426,456175
22/3/2013,1424,1451.5,1403,1440.5,464568
29/3/2013,1440.5,1459.75,1397,1404.75,339032
5/4/2013,1401.5,1408.25,1354.5,1361.75,493121
12/4/2013,1360.25,1419,1356.25,1413,568070
19/4/2013,1413,1441.5,1389,1428.25,413768
26/4/2013,1424,1432,1402,1430.75,312622
3/5/2013,1430,1488.75,1365.5,1387.25,309893
10/5/2013,1382.75,1419.5,1366.25,1399,403033
17/5/2013,1394,1450,1393.5,1448.5,433893
24/5/2013,1446.25,1546.75,1443.25,1476.25,655960
31/5/2013,1475,1528.5,1472.5,1510,319061
7/6/2013,1509.5,1549,1509,1528.25,399405
14/6/2013,1522.75,1558.75,1502.5,1516.5,444049
21/6/2013,1508.25,1530,1488.75,1493.25,285180
28/6/2013,1489.75,1574.5,1485.5,1564.5,214580
5/7/2013,1426,1453.75,1420.75,1432,74837
12/7/2013,1432,1479.5,1426,1429,170709
19/7/2013,1424,1492.75,1419.5,1490.75,137375
26/7/2013,1491,1526.25,1330.5,1349.75,178499
2/8/2013,1345.5,1379.75,1207.75,1212.75,65508
9/8/2013,1212.25,1241,1186.5,1218.5,72512
16/8/2013,1224,1296,1217.25,1283.25,69495
23/8/2013,1296.5,1369,1295,1365.25,81710
30/8/2013,1382.5,1453.75,1382.25,1424,46069
6/9/2013,1394,1408.5,1335,1367.75,535767
13/9/2013,1382,1400,1340.25,1381.5,580676
20/9/2013,1374,1375.25,1311.75,1315.25,581206
27/9/2013,1310,1328,1305.25,1319.75,418761
4/10/2013,1312.75,1317,1263.5,1295,646761
11/10/2013,1292.25,1305.75,1266,1266.75,683121
18/10/2013,1263.75,1301.5,1261.75,1291.25,573071
25/10/2013,1289,1318.75,1288.5,1300,571940
1/11/2013,1300,1301.25,1250.25,1251.5,433564
8/11/2013,1252,1297.5,1247,1296,482048
15/11/2013,1295,1321.5,1278,1280.5,478827
22/11/2013,1280,1322,1268.25,1319.5,481990
29/11/2013,1318.5,1341,1309.25,1336.5,375969
6/12/2013,1335.75,1346,1311.25,1325.5,496661
13/12/2013,1324.75,1353.5,1312.25,1327.5,582779
20/12/2013,1328,1351,1315.75,1339,508498
27/12/2013,1343.5,1347,1316.75,1331.5,167697
3/1/2014,1324.75,1333.25,1262.5,1271.25,255225
10/1/2014,1274,1297,1266,1278.5,425338
17/1/2014,1278.75,1330.5,1266.5,1316.5,511052
24/1/2014,1313,1314,1263.5,1284.75,440168
31/1/2014,1286,1293,1260,1282.75,449533
7/2/2014,1281.75,1334.5,1278.5,1331.5,516116
14/2/2014,1327,1356,1312.5,1337.5,646972
21/2/2014,1337.25,1372.25,1335.5,1370.75,380114
28/2/2014,1370.25,1452.25,1369.25,1414.25,306235
7/3/2014,1419,1460,1402,1457.75,492676
14/3/2014,1454.5,1456.25,1365.5,1388.5,575424
21/3/2014,1388,1456.5,1375.5,1408.75,436779
28/3/2014,1404.5,1450.5,1393.25,1436.5,329459
4/4/2014,1433.5,1496,1423,1473.75,488089
11/4/2014,1472.25,1512,1459.5,1463,482316
18/4/2014,1462.25,1531.75,1461.25,1514,320606
25/4/2014,1515,1525,1464,1498,336647
2/5/2014,1502.25,1532,1451,1470.75,329985
9/5/2014,1475.5,1491.5,1441.75,1487,423012
16/5/2014,1487,1496,1460.5,1465,394832
23/5/2014,1463.75,1536.75,1456.25,1515.5,461709
30/5/2014,1510.5,1515.5,1482.75,1493.25,252166
6/6/2014,1488,1511.75,1456,1457,432745
13/6/2014,1458.25,1475.25,1410,1425.75,505535
20/6/2014,1427.75,1435.5,1393.5,1415.75,351540
27/6/2014,1423,1440.75,1404.5,1432,271445
4/7/2014,1434.5,1448,1297.25,1299.75,111481
11/7/2014,1287.5,1290,1159.25,1195.75,180369
18/7/2014,1193.25,1211.5,1153.25,1176.75,138218
25/7/2014,1173.75,1232.75,1166,1212.25,116748
1/8/2014,1219,1242.25,1069.75,1073.5,81573
8/8/2014,1071,1114.5,1068.5,1113.75,49855
15/8/2014,1110.25,1128.75,1071.25,1102.5,67784
22/8/2014,1101.75,1170.5,1099,1166,87693
29/8/2014,1161.5,1189.25,1064.25,1089.5,39437
5/9/2014,1020.75,1038,1001.25,1021.5,434265
12/9/2014,1020.75,1028,969.5,985.25,526546
19/9/2014,976.75,999.75,956,957,468356
26/9/2014,953,954.75,909.75,910.25,537507
3/10/2014,907.25,930,904,912.25,605143
10/10/2014,914,955,912.25,922.5,809606
17/10/2014,920,978.5,915.75,951.75,831693
24/10/2014,950,1002,936,977.5,824371
31/10/2014,973.5,1053.75,967.75,1046.5,546876
7/11/2014,1044,1047.75,995.25,1036.75,593304
14/11/2014,1035.5,1086.25,1020,1022.5,704055
21/11/2014,1023,1042,1003.75,1039,500095
28/11/2014,1036.25,1054.75,1013,1016,334514
5/12/2014,1010.75,1040.75,983.75,1036,587084
12/12/2014,1035,1060.25,1025.75,1047.25,654461
19/12/2014,1050,1055,1015,1030.5,550068
26/12/2014,1029,1048.5,1025.25,1047.5,216172
2/1/2015,1045.75,1061.75,1005.5,1007.5,190747
9/1/2015,1007,1062,1006.25,1052.25,434801
16/1/2015,1049.5,1061.5,983,991.75,667700
23/1/2015,982,992.5,967.25,972.75,423190
30/1/2015,971.75,985.5,955,961,499848
6/2/2015,961,999,956.5,973.5,597941
13/2/2015,973.5,997.75,966,990.5,717864
20/2/2015,992,1017,990.75,999.25,429312
27/2/2015,1000.5,1035.5,992,1030.75,309504
6/3/2015,1030,1039,976.75,985,546038
13/3/2015,985.25,999,972.5,974,528233
20/3/2015,972.5,980.25,953.5,973.75,536114
27/3/2015,974.5,990,965,967.25,498495
3/4/2015,968,993,951.25,986,529723
10/4/2015,985,990.25,944.5,951.5,571794
17/4/2015,948,976.75,945.75,968.75,582037
24/4/2015,968,983,965.25,969.75,432595
1/5/2015,968,997.25,961.25,964.75,298458
8/5/2015,964.75,990.5,962.75,976.25,486545
15/5/2015,976,982,950.25,953.25,548266
22/5/2015,953.25,964.5,922.75,924.25,510397
29/5/2015,923.75,937.5,920.5,934,434251
5/6/2015,931,952,921.5,937.75,606039
12/6/2015,938.25,957.75,933.25,940,637767
19/6/2015,940,981.75,930.25,971.5,621803
26/6/2015,972.5,1024.5,971.5,1002,479314
3/7/2015,997.25,1059.25,993.75,1038.25,148178
10/7/2015,1032,1048.25,987.25,1032,176272
17/7/2015,1030.5,1053.25,1007.5,1014.75,125364
24/7/2015,1012,1029,988.75,991.25,193121
31/7/2015,988,1002.25,959.75,980.75,118050
7/8/2015,951.25,977.25,939.5,975.5,79994
14/8/2015,979,1009.5,911,925.25,104453
21/8/2015,920,933.5,898.25,905.25,84239
28/8/2015,899.5,908,874,893.25,75681
4/9/2015,894.25,898,865,866.5,384923
11/9/2015,870,885.75,853.25,874.25,485936
18/9/2015,874.5,894.5,866.5,867.25,535531
25/9/2015,868,890,858,889.25,589444
2/10/2015,888,902.25,868.25,874.25,765238
9/10/2015,874,897,871.5,885.75,755067
16/10/2015,885.5,919.75,885.5,898.25,822325
23/10/2015,897.5,913,889.5,895.5,742437
30/10/2015,895,899.5,873.25,883.75,458194
6/11/2015,887.5,891,858,867.25,476630
13/11/2015,867.5,872,850,855.25,484504
20/11/2015,854.25,867.5,851.25,857.5,481464
27/11/2015,855,877.75,844.25,873,398273
4/12/2015,873,907,870.25,906,583749
11/12/2015,906,909.75,869.75,870.75,685266
18/12/2015,870.75,893.5,854,892.25,653994
25/12/2015,892,896.25,875,875.25,247318
1/1/2016,873,879.25,864,871.25,158659
8/1/2016,863,871,852,865.25,535521
15/1/2016,865.5,884.5,857.25,879,643689
22/1/2016,881,888,870.5,876.5,507583
29/1/2016,876.5,886.5,867,882.25,620535
5/2/2016,883,889.5,867.25,867.5,692742
12/2/2016,867.5,875.5,859.5,872.75,600115
19/2/2016,875.5,885.25,873.25,878.25,594046
26/2/2016,881.75,887.5,854.5,855,487683
4/3/2016,854,879.25,852,878.5,515348
11/3/2016,881.25,896.75,875.25,895.75,604250
18/3/2016,892.5,904.75,886,897.5,524082
25/3/2016,895,914,892.25,910.5,529126
1/4/2016,911,920,896,918.25,687730
8/4/2016,918.5,922.25,901,916.75,639462
15/4/2016,916.25,959.5,915.5,956,999075
22/4/2016,955,1034.75,949.75,987,832527
29/4/2016,985,1036.75,977.25,1021,278873
6/5/2016,1029.75,1057,1008.5,1034.75,885286
13/5/2016,1036.5,1091.5,1019,1065,906232
20/5/2016,1063,1088,1051,1074.25,745411
27/5/2016,1074.25,1098,1043.5,1086.5,712479
3/6/2016,1086,1169,1068,1132,695831
10/6/2016,1143.25,1208.5,1129,1178.25,836478
17/6/2016,1191.75,1198.75,1128.5,1159.5,574159
24/6/2016,1153.5,1156.75,1099.25,1103,422917
1/7/2016,1104.25,1182,1103,1164.25,187116
8/7/2016,1149.75,1149.75,1045.5,1083.25,175492
15/7/2016,1094.75,1141,1057,1072.5,174481
22/7/2016,1062,1082.25,985,1006.5,207881
29/7/2016,998.25,1034.25,980.5,1032.5,173100
5/8/2016,1009.5,1017.5,961.5,988,66696
12/8/2016,992,1015,981,999,66294
19/8/2016,998.5,1037,997,1027,67578
26/8/2016,1025.5,1041.25,982.5,990.75,77115
2/9/2016,991.75,998.25,937,952.5,182524
9/9/2016,952.5,983.75,946.5,980.25,326795
16/9/2016,978,990,940.5,966,528777
23/9/2016,970.5,994,952.5,955,546833
30/9/2016,951.5,960.25,934,954,639959
7/10/2016,952.5,975,946.5,956.75,691399
14/10/2016,955.75,974.25,937.25,962.5,878475
21/10/2016,961.75,989.75,961,983,746578
28/10/2016,982.75,1020,980,1001.25,680668
4/11/2016,1002,1016,983,990.75,395021
11/11/2016,991,1020.75,977,986,761651
18/11/2016,988.25,997.75,975.25,993.75,446224
25/11/2016,995.5,1046.75,995.5,1046,495258
2/12/2016,1043.25,1065,1022.25,1027.5,634647
9/12/2016,1030.5,1061.75,1021.5,1037.5,696678
16/12/2016,1041.75,1047.5,1018.5,1036.75,649530
23/12/2016,1034,1039,987.75,989,516869
30/12/2016,989.75,1018.75,989.25,996.5,196967
6/1/2017,1004,1016,992.75,994.75,349292
13/1/2017,994.75,1052.75,993.5,1046.25,581514
20/1/2017,1054,1080,1052,1067.5,566382
27/1/2017,1067.5,1069.75,1043.25,1049.25,431072
3/2/2017,1044,1044.25,1017,1027,524998
10/2/2017,1027,1063.5,1026.25,1059,693144
17/2/2017,1059.25,1062.75,1031,1032.5,692913
24/2/2017,1033.25,1044.5,1009.25,1013.5,480527
3/3/2017,1015.5,1052.25,1006,1037.5,358102
10/3/2017,1040,1048.5,1003,1006.5,534007
17/3/2017,1006.25,1010.25,992,1000,408949
24/3/2017,1003.75,1008.75,972.25,975.75,479039
31/3/2017,976,978.5,944.25,946,539337
7/4/2017,946.25,949.25,936.5,942,544935
14/4/2017,944.25,959.5,929.75,955.5,471244
21/4/2017,958.75,962,939.75,951,614191
28/4/2017,951.5,962.25,941.5,945.25,364960
5/5/2017,959.75,983,958.5,973,545170
12/5/2017,969.75,989,960.5,963,496806
19/5/2017,962.5,980.5,942.75,953,606425
26/5/2017,953,961,925.25,926.5,466599
2/6/2017,926,928.5,909.5,921.25,429888
9/6/2017,924.5,944.75,917.75,941.5,639517
16/6/2017,942,943.25,925.5,939,526328
23/6/2017,936.5,947.5,900.25,904.5,608463
30/6/2017,904,945.5,903.75,942.25,358540
7/7/2017,955,1003.5,955,1001,230580
14/7/2017,1010,1032.5,972.25,989,250165
21/7/2017,989,1017.25,981.75,1009,184745
28/7/2017,1000.25,1022.75,973.25,1000.75,233164
4/8/2017,991.5,996.5,949,952.25,124172
11/8/2017,957.75,981,930.25,938.25,127928
18/8/2017,931.25,939,917.25,937.5,103586
25/8/2017,935.25,943.25,927.75,939,97018
1/9/2017,936,952,921.75,949.5,155167
8/9/2017,953.75,977.5,952.25,962,476930
15/9/2017,964,978.25,937.5,968.75,645544
22/9/2017,966.25,987,958.5,984.25,588066
29/9/2017,983.5,985.75,955.25,968.25,668778
6/10/2017,967.5,973.75,952.5,972.25,573652
13/10/2017,974.5,1003.25,959,1000.25,944643
20/10/2017,998,999,978,978.75,732275
27/10/2017,977,983.25,969.75,975.25,797331
3/11/2017,975.25,1000.5,971,986.75,506999
10/11/2017,987.25,1008.25,983.5,987,606040
17/11/2017,987,992,967,990.5,537157
24/11/2017,990,999.75,983,993.25,348059
1/12/2017,993.75,1001.5,985,994.25,572923
8/12/2017,998.25,1015,986,989.75,809495
15/12/2017,989,989,964,967.25,652609
22/12/2017,970.5,970.5,946.5,949.5,532322
29/12/2017,952.25,964.75,943.25,951.75,216008
5/1/2018,967.5,977,958.75,970.75,332530
12/1/2018,969.75,971.5,944.5,960.5,485393
19/1/2018,965,982.75,961.25,977.25,369842
26/1/2018,980.5,1002,979.5,985.5,635875
2/2/2018,992.25,1004.75,977,978.75,737840
9/2/2018,976.25,996,967.75,983,869718
16/2/2018,995.5,1028.25,989,1021.5,851848
23/2/2018,1031.5,1039.5,1019.25,1036.25,582570
2/3/2018,1039.5,1082.5,1031.75,1071,560175
9/3/2018,1074.25,1079.25,1036.5,1039.25,640997
16/3/2018,1036,1054,1027,1049.5,605949
23/3/2018,1045.25,1045.5,1009.25,1028.25,576026
30/3/2018,1026.25,1050.75,1012.5,1044.75,480922
6/4/2018,1045.25,1060.5,983.5,1033.75,980360
13/4/2018,1038.25,1067.25,1037.5,1054.25,770567
20/4/2018,1054.25,1058.75,1027.75,1028.75,447199
27/4/2018,1027.5,1046.75,1016.25,1045,376350
4/5/2018,1046.25,1056.5,1034,1036.75,423089
11/5/2018,1034.75,1040,1002,1003.25,586999
18/5/2018,1001.75,1026,992.5,998.5,561640
25/5/2018,1017.5,1050.75,1011.5,1041.5,546431
1/6/2018,1045.25,1049.5,1013.5,1021.25,466472
8/6/2018,1013.25,1014.5,962.5,969.25,624772
15/6/2018,966.75,972.25,903,905.5,750324
22/6/2018,905.5,914,841.5,894.5,690795
29/6/2018,896.5,899,857.5,858.5,320393
6/7/2018,864.25,880.75,837,877.5,109790
13/7/2018,877,879.75,811.75,818.75,124321
20/7/2018,818.5,853.25,810.5,849.75,137797
27/7/2018,853.25,881,842.5,870.5,200912
3/8/2018,878.5,906,871.25,891.5,136387
10/8/2018,890.5,903.5,849.5,850.75,75451
17/8/2018,848.5,888.25,839.75,881.5,87863
24/8/2018,889.75,896,840.75,842,99110
31/8/2018,838.25,840,816,833,103586
7/9/2018,845.5,851.5,834.75,844,324678
14/9/2018,841.75,851.25,821.25,830.5,532347
21/9/2018,827.5,855,812.25,847.25,499608
28/9/2018,844,859.25,837.25,845.5,544347
5/10/2018,845.5,870.25,843,869,638015
12/10/2018,870,874.75,847,867.5,646671
19/10/2018,867,892,856.25,856.75,604614
26/10/2018,855.75,863,840,845,670095
2/11/2018,845,900.75,831.75,887.75,608692
9/11/2018,889,893,864,886.75,435200
16/11/2018,885.5,897.5,877.25,892.25,373412
23/11/2018,892,892.25,870.5,881,267840
30/11/2018,881,896.5,857,894.75,529590
7/12/2018,919.75,923.75,897,916.75,599092
14/12/2018,912,928,900,900.5,559631
21/12/2018,900.75,912.25,883.25,884.75,472560
28/12/2018,883.25,888.75,867,882.75,200979
4/1/2019,885.5,922.5,879.25,921.5,248889
11/1/2019,921,927.75,905.75,910.25,486516
18/1/2019,910,920.25,891.25,916.75,486826
25/1/2019,916.5,926.25,899.5,925.25,388477
1/2/2019,923.5,931.25,913.25,917.75,491031
8/2/2019,917,923.75,908,914.5,514060
15/2/2019,914.75,920,901.25,907.5,563485
22/2/2019,907.25,916.75,893.25,910.25,548077
1/3/2019,918,921,897,911.5,413234
8/3/2019,914.75,924.75,892.25,895.75,495175
15/3/2019,898,911,887.75,909.25,428031
22/3/2019,910,912,899.25,903.75,391611
29/3/2019,904.5,908.25,883,884.25,402254
5/4/2019,884,907.25,883.75,899,473486
12/4/2019,899,904,893.5,895.25,500423
19/4/2019,895,902,876.5,880.5,403387
26/4/2019,881.5,883.25,852.5,853.75,603618
3/5/2019,854.75,859.5,838.5,842.25,413723
10/5/2019,828,836.25,806.25,809.25,629438
17/5/2019,805,848.25,791,821.75,697275
24/5/2019,828.25,846.5,817,829.75,646123
31/5/2019,840,892.75,837.5,877.75,624488
7/6/2019,875.75,894.5,855,856.25,649571
14/6/2019,853.75,898.25,848.25,896.75,669855
21/6/2019,901,921.5,896.5,902.75,754039
28/6/2019,902,917.75,883.5,899.75,450784
5/7/2019,915.5,915.75,874.5,876,116275
12/7/2019,883,913.75,871.75,913.25,134445
19/7/2019,915.25,918,875.5,901.5,212061
26/7/2019,901.5,904.25,881,883.25,213434
2/8/2019,882.5,890.75,847.25,855.75,198767
9/8/2019,857,882,841.5,879,120160
16/8/2019,879,883.75,857.75,867.25,104380
23/8/2019,862.25,869.5,842,843.25,94010
30/8/2019,842,864.75,839.5,857,181366
6/9/2019,866.25,879.5,856,857.75,426886
13/9/2019,857.75,903.5,851,898.75,589825
20/9/2019,903.25,904.75,880.75,882.75,428477
27/9/2019,882.75,899.25,881.5,883,466506
4/10/2019,884.75,921.25,883.75,916.25,657516
11/10/2019,916.5,939.25,910.5,936,797206
18/10/2019,940.5,945.5,927.25,934,603830
25/10/2019,930.75,945.25,919.5,920.25,801882
1/11/2019,921.5,938.75,910.5,936.75,506307
8/11/2019,935.5,942.25,926.5,931,519215
15/11/2019,928.25,929,911,918.25,466144
22/11/2019,919,921.75,895.5,897,473837
29/11/2019,898,902.5,875.75,876.75,337402
6/12/2019,877.75,894,867.5,889.5,606882
13/12/2019,891.75,917,888.25,907.5,731487
20/12/2019,912.5,931,912.5,928.25,514990
27/12/2019,929,941.5,927.5,929.5,260586
3/1/2020,929,961,927.25,941.5,257565
10/1/2020,940,954.5,935.5,946,460433
17/1/2020,948,949.5,920,929.75,468185
24/1/2020,930,931.5,900.75,902,388000
31/1/2020,899.25,903,872.25,872.5,483354
7/2/2020,870.75,888,868.75,882,552143
14/2/2020,883,899.75,878,893.75,766795
21/2/2020,894.75,902,885,890.5,514547
28/2/2020,888,888.5,866.75,883.5,314113
6/3/2020,892.25,912.5,888.5,891.25,564139
13/3/2020,883.5,885,845.25,848.75,685916
20/3/2020,842,864.75,821,862.5,687724
27/3/2020,860,897,858.25,881.5,519098
3/4/2020,880,892.5,850.5,854.25,440905
10/4/2020,853.5,867,848.5,863.5,339489
17/4/2020,864,870,831.75,832.5,424583
24/4/2020,833.5,848.75,808.25,832.25,354106
1/5/2020,831.25,855.75,822.5,849.5,234020
8/5/2020,848.25,856.5,831.5,850.5,433491
15/5/2020,854,861.25,835,838.5,424929
22/5/2020,840.5,849.5,828.5,833.25,392080
29/5/2020,832.5,852.25,832.25,840.75,385978
5/6/2020,843.5,873.5,834,867.75,642168
12/6/2020,869.25,873,856.5,871.25,624065
19/6/2020,870.5,880.5,860,876.5,517492
26/6/2020,875.25,879.75,861.75,865,473682
3/7/2020,864,895.75,860,891.25,142128
10/7/2020,896,904.25,883.75,887.25,182304
17/7/2020,882.25,898.75,870.5,898,156573
24/7/2020,898.5,910,892,904.75,142536
31/7/2020,904,909.25,884.25,897.5,146101
7/8/2020,890.25,896.25,864.5,865.75,100761
14/8/2020,866,899,863.25,897,109620
21/8/2020,899.5,917.75,899,900.75,119453
28/8/2020,901,952.5,896.75,950.5,83175
4/9/2020,960.25,969.5,942.75,968,553204
11/9/2020,970,998,961.75,996,586717
18/9/2020,996,1046.75,985,1043.5,897793
25/9/2020,1041,1045.25,995.25,1002.5,794336
2/10/2020,1002,1035,985.75,1020.75,736435
9/10/2020,1019.75,1079.75,1016,1065.5,1064783
16/10/2020,1065.25,1073.5,1031.5,1050,892886
23/10/2020,1051.25,1088.5,1047.75,1083.75,689224
30/10/2020,1083.75,1094,1047,1056.5,399108
6/11/2020,1054.5,1112.75,1045,1101.5,627914
13/11/2020,1101,1162.25,1099.75,1148,761376
20/11/2020,1150.25,1196.75,1144,1181,688379
27/11/2020,1195.5,1200,1174,1191.75,373702
4/12/2020,1198,1199,1142.5,1163,563316
11/12/2020,1160,1178,1142.75,1160.5,795507
18/12/2020,1164.75,1224.75,1161.25,1220,589545
25/12/2020,1225.25,1274.25,1213.5,1263.5,366392
1/1/2021,1273,1321.5,1245,1315.25,128298
8/1/2021,1319.25,1386,1301,1374.75,857268
15/1/2021,1379.25,1436.5,1354,1416.75,659639
22/1/2021,1419,1421.25,1305.25,1311.75,634603
29/1/2021,1308.75,1394.75,1298,1370,731370
5/2/2021,1375,1383,1341.5,1366.75,559098
12/2/2021,1368.75,1409.5,1337.25,1372,711253
19/2/2021,1385.75,1394,1366.5,1377.25,447201
26/2/2021,1384.75,1443,1371,1405.25,329274
5/3/2021,1415,1438,1380.75,1430,534457
12/3/2021,1441.5,1460,1392.25,1413.25,539454
19/3/2021,1409.25,1425.25,1390,1416.25,403103
26/3/2021,1418.75,1435,1399,1400.5,468647
2/4/2021,1400.5,1456.25,1364.25,1402,493834
9/4/2021,1410,1431,1400.75,1403,441942
16/4/2021,1403.25,1437.75,1378,1433.25,541355
23/4/2021,1439.75,1549.75,1434.75,1539.75,486036
30/4/2021,1548.75,1608.75,1524.25,1571,255580
7/5/2021,1549.25,1599.5,1515.75,1589.75,509060
14/5/2021,1576.5,1667.5,1573.25,1586.25,633955
21/5/2021,1584.75,1604.75,1512.25,1526.25,472634
28/5/2021,1520.75,1555.75,1489.25,1530.5,439932
4/6/2021,1542,1589,1537.25,1583.75,363246
11/6/2021,1599.75,1623.5,1496.5,1508.5,704217
18/6/2021,1504.25,1504.25,1323.5,1396,506890
25/6/2021,1374,1427.25,1325.75,1329.75,352418
2/7/2021,1329.75,1459.75,1326,1433.25,126576
9/7/2021,1408.25,1408.25,1334,1379.25,108757
16/7/2021,1378.5,1473.75,1378.5,1454.75,157557
23/7/2021,1475,1480,1391.25,1401,133778
30/7/2021,1405,1449.75,1380,1414.75,90473
6/8/2021,1355,1362,1312.75,1344.25,78239
13/8/2021,1345.75,1374.5,1329.5,1373,87761
20/8/2021,1373.25,1386.5,1281.5,1293.75,71534
27/8/2021,1293,1373.75,1290.5,1359.25,104239
3/9/2021,1357.25,1359.25,1270,1292,287976
10/9/2021,1291.75,1305.75,1262.75,1286.5,386839
17/9/2021,1290,1308,1276,1284,379755
24/9/2021,1285,1290.25,1257.5,1285,384242
1/10/2021,1284,1297,1242,1246.5,596272
8/10/2021,1242.75,1262.5,1231,1243,578993
15/10/2021,1240.5,1251.25,1184.5,1217.75,721557
22/10/2021,1218,1249.5,1210,1220.5,655016
29/10/2021,1218.75,1257.5,1216,1235.75,438477
5/11/2021,1249,1261,1203.5,1205.5,451801
12/11/2021,1203.75,1249.75,1181.25,1244.25,529408
19/11/2021,1242.25,1289.25,1238,1263.25,503845
26/11/2021,1264.25,1281,1240.25,1252.75,297608
3/12/2021,1260.75,1270,1214.25,1267.25,509607
10/12/2021,1271.75,1276.5,1238.25,1267.75,584396
17/12/2021,1271,1297.5,1237.5,1285.25,548923
24/12/2021,1289.5,1334,1278.5,1332,294441
31/12/2021,1337.5,1375.75,1323.25,1328.75,164769
7/1/2022,1349,1415,1342,1410.25,538470
14/1/2022,1404.5,1409.75,1363.75,1369.75,532729
21/1/2022,1360,1429.5,1349.75,1414.25,486027
28/1/2022,1419.5,1479,1382.5,1470,675242
4/2/2022,1474,1564,1473.5,1553.5,695436
11/2/2022,1571,1633,1559,1583,984907
18/2/2022,1587,1608.5,1542.25,1601.5,594604
25/2/2022,1609,1765,1585.5,1590.25,311912
4/3/2022,1642.5,1699,1621,1660.5,421667
11/3/2022,1686.75,1734,1649.75,1676,504605
